{
  "cmip6plus": {
    "sub-experiment-id": {
      "@type": [
        "mip:sub-experiment-id"
      ],
      "sub-experiment-id:sub-experiment-id": {},
      "sub-experiment-id:description": {}
    },
    "source-id": {
      "@type": [
        "mip:source-id"
      ],
      "source-id:activity-participation": [
        {
          "activity-id:name": "",
          "@explicit": true
        }
      ],
      "source-id:model-component": [
        {
          "model-component:name": "",
          "model-component:realm": {
            "realm:name": "",
            "@explicit": true
          },
          "source-id:license": {
            "kind": {}
          },
          "@explicit": true
        }
      ]
    },
    "cmip6plus-institutions": {
      "@type": [
        "mip:source-id"
      ],
      "source-id:organisation-id": {
        "@type": [
          "mip:institution",
          "mip:consortium"
        ],
        "@explicit": true,
        "consortium:cmip_acronym": "",
        "institution:cmip_acronym": "",
        "consortium:description": "",
        "institution:name": "",
        "institution:ror": "",
        "consortium:members": {
          "institution:institution": {
            "debugid": {},
            "@explicit": false
          },
          "@explicit": true
        }
      },
      "@explicit": true
    },
    "experiment-id": {
      "@type": "mip:experiment-id",
      "experiment-id:activity-id": {
        "activity-id:name": {},
        "@explicit": true
      },
      "experiment-id:model-components": {
        "experiment-id:additional-allowed": {
          "source-type:name": "",
          "@explicit": true
        },
        "experiment-id:required": {
          "source-type:name": "",
          "@explicit": true
        }
      }
    },
    "descriptors": {
      "@type": [
        "mip:core-descriptors"
      ],
      "core:mip-era": {
        "mip:name": {},
        "@explicit": true
      },
      "core:product": {
        "product:kind": {},
        "@explicit": true
      },
      "core:drs": {}
    },
    "license": {
      "@type": "mip:license",
      "@id": "mip-cmor-tables:license/cc-by-4.0"
    }
  },
  "miptables": {
    "license": {
      "@type": [
        "mip:license"
      ]
    },
    "realm": {
      "@type": [
        "mip:realm"
      ]
    },
    "source-type": {
      "@type": [
        "mip:source-type"
      ]
    },
    "organisations": {
      "@type": [
        "mip:institution",
        "mip:consortium"
      ],
      "@explicit": true,
      "consortium:cmip_acronym": "",
      "institution:cmip_acronym": "",
      "consortium:description": "",
      "institution:name": "",
      "institution:ror": ""
    },
    "frequency": {
      "@type": [
        "mip:frequency"
      ],
      "frequency:name": "",
      "frequency:long_name": "",
      "frequency:description": "",
      "@explicit": true
    },
    "grid-label": {
      "@type": [
        "mip:grid-label"
      ]
    }
  }
}