{
    "@context": {
        "experiment_id": "experiment-id:name"
       
      },


      
    "@type": "mip:experiment-id",
    "experiment_id": "",
    "experiment-id:model-components": {
        "experiment-id:additional-allowed": {
            "source-type:name": "",
            "@explicit": true,
            "@extend": "@always"
        },
        "experiment-id:required": {
            "source-type:name": "",
            "@explicit": true,
            "@extend": "@always"
        }
    },

    "experiment-id:parent": {
        "@extend": "@always",
        "experiment-id:activity-id": {
            "@embed": "@always",
            "activity-id:name": "",
            "@explicit": true
            
        },
        "experiment-id:experiment-id": {
            "@embed": "@always",
            "experiment-id:name": "",
            "@explicit": true
        }
     
    },

    "experiment-id:sub-experiment-id": {
        "sub-experiment-id:description": "",
        "sub-experiment-id:name": "",
        "@type": "mip:sub-experiment-id",

        "@embed": "@always",
        "@explicit": false
    },

    

        "@embed": "@always"
}