{
    "@context": {
    "@vocab": "source-id:",
    "institution:location": {
        "@context": {
            "@extend": true
        } 
    }
  },
    "@type": [
        "mip:source-id"
    ],
    "source-id:organisation-id": {
        "@type": [
            "mip:institution",
            "mip:consortium"
        ],
        "@explicit": true,
        "consortium:cmip-acronym": "",
        "institution:cmip-acronym": "",
        "consortium:name": "",
        "institution:name": "",
        "institution:ror": "",
        "consortium:members": {
            "institution:institution": {
                "debugid": {},
                "@explicit": true
            },
            "@explicit": true
        }
    },
    "@explicit": true
}